<?xml version="1.0" encoding="UTF-8" standalone="yes" ?>
<CodeBlocks_plugin_manifest_file>
    <SdkVersion major="1" minor="10" release="0" />
    <!-- <Plugin name="CodeCompletion">
        <Value title="Code completion" />
        <Value version="1.0" />
        <Value description="This plugin provides a symbols browser for your projects and code-completion inside the editor.


Note: Only C/C++ language is supported by this plugin (currently)..." />
        <Value author="Yiannis An. Mandravellos" />
        <Value authorEmail="info@codeblocks.org" />
        <Value authorWebsite="http://www.codeblocks.org" />
        <Value thanksTo="" />
        <Value license="GPL" />
    </Plugin> -->
</CodeBlocks_plugin_manifest_file>
